CODE,n_numeric,suma_numeric,n_total,media_numeric
10230-1,3377,157800.1000000002,3377,46.72789458098911
10480-2,0,0.0,98,
10834-0,58229,160202.7999999982,58229,2.7512545295299287
13945-1,2789,5556.499999999992,2789,1.9922911437791293
14627-4,775,19393.89999999998,775,25.024387096774166
14804-9,2471,672972.4000000005,2471,272.3481991096724
14959-1,52388,4948983.100000007,52388,94.46787623119812
1742-6,76406,2733575.099999982,76406,35.776969086197184
1751-7,76406,343688.0,76406,4.498180771143628
17861-6,132208,1236752.999999926,132208,9.354600326757277
18262-6,123088,14388978.699999731,123088,116.89993094371287
18752-6,0,0.0,13,
19123-9,13662,26643.500000000204,13662,1.950190308885976
1920-8,76406,1708044.4000000027,76406,22.354846478025323
1960-4,8198,200886.9,8198,24.50437911685777
1975-2,76357,160489.90000000954,76357,2.101836111947949
1988-5,2471,26329.0,2471,10.655200323755565
19926-5,8561,302861.1000000009,8561,35.37683681812883
19994-3,1930,125794.69999999992,1930,65.17860103626938
2019-8,8198,328184.50000000134,8198,40.03226396682134
2021-4,775,33735.49999999999,775,43.529677419354826
2027-1,775,986.3999999999993,775,1.2727741935483863
2028-9,132208,3237749.5000000466,132208,24.489815291056868
20447-9,894,137828264.0,894,154170.31767337807
20454-5,3341,726.0,155647,0.21730020951810836
20505-4,152306,129351.59999998233,152306,0.8492876183471585
20565-8,210259,5151118.69999997,210259,24.49892133035908
20570-8,2729,90004.19999999997,2729,32.98065225357273
2069-3,210259,22289358.40000036,210259,106.00905740063617
2075-0,132208,14016063.400000058,132208,106.01524416071689
2085-9,123088,6175156.000000111,123088,50.168627323541784
2093-3,123088,23866447.000000197,123088,193.89743110620205
2106-3,0,0.0,640,
21377-7,671,1309.200000000001,671,1.9511177347242936
2157-6,2471,123805.89999999989,2471,50.103561311209994
2160-0,132208,265130.39999992895,132208,2.005403606437802
21905-5,0,0.0,170,
21906-3,0,0.0,170,
21907-1,0,0.0,170,
21908-9,0,0.0,324,
21924-6,0,0.0,9,
22577-1,0,0.0,6,
2276-4,9524,2355670.099999999,9524,247.34041369172607
2339-0,210259,18589097.099999703,210259,88.41047041981415
2345-7,132208,11999698.499999942,132208,90.76378509621159
24124-0,0,0.0,2789,
24467-3,831,483820.0,831,582.2141997593261
2498-4,7053,704166.2000000011,7053,99.83924571104511
2500-7,7053,2483108.5000000084,7053,352.06415709627225
2502-3,7053,246669.5999999993,7053,34.97371331348353
2514-8,3341,726.0,158436,0.21730020951810836
25428-4,3341,726.0,155647,0.21730020951810836
2571-8,123088,18245353.499999795,123088,148.23015647341572
26453-1,49,252.60000000000002,49,5.155102040816327
26464-8,49,637.4000000000001,49,13.008163265306123
26515-7,49,14777.799999999994,49,301.5877551020407
26881-3,15,87.0,15,5.8
2703-7,8198,657923.2000000015,8198,80.25411075872182
2705-2,775,32552.199999999968,775,42.00283870967738
2708-6,22229,1914260.8999999985,22229,86.11547528003952
271605009,69,282.0,69,4.086956521739131
2744-1,8198,57802.39999999983,8198,7.050792876311275
2746-6,775,5710.699999999992,775,7.368645161290312
2777-1,5493,19258.199999999975,5493,3.505953031130525
2823-3,132208,588764.3999999868,132208,4.453319012465106
28245-9,0,0.0,1080,
285285000,69,2206.2,69,31.97391304347826
2857-1,2118,6225.200000000012,2118,2.9391879131255956
2885-2,76406,536995.699999996,76406,7.028187576891814
29463-7,315939,22189283.299999032,315939,70.23280854848257
2947-0,210259,29437503.49999957,210259,140.0059141344702
2951-2,132208,18508755.100000355,132208,139.99723995522476
29554-3,0,0.0,1555,
3016-3,791,2788.399999999997,791,3.5251580278128913
3024-7,65,16.1,65,0.2476923076923077
30385-9,49,644.3,49,13.148979591836733
30428-7,49,4277.3,49,87.29183673469389
3094-0,132208,1788384.1000000376,132208,13.52704904393106
3173-2,6164,199085.40000000005,6164,32.29808565866321
3184-9,869,120909.50000000003,869,139.13636363636368
32167-9,0,0.0,152306,
32207-3,57040,19069357.50000015,57040,334.315524193551
32465-7,0,0.0,2118,
32623-1,57040,618969.1999999812,57040,10.851493688639222
32624-9,0,0.0,228799,
32693-4,541,1199.5,541,2.2171903881700556
33037-3,49,382.1,49,7.79795918367347
33728-7,168,440.4999999999999,168,2.622023809523809
33756-8,1438,8203.400000000007,1438,5.704728789986096
33762-6,7063,7829408.900000016,7063,1108.5103921846264
33914-3,243948,13003105.199999962,243948,53.30277436174907
33959-8,2471,332.29999999999916,2471,0.1344799676244432
34533-0,0,0.0,151085,
38208-5,5489,30186.000000000076,5489,5.499362361085822
38265-5,1642,-1733.499999999997,1642,-1.055724725943969
38483-4,210259,550757.1999999997,210259,2.619422711988546
39156-5,280744,7503076.90000025,280744,26.725689240020266
413077008,14442,438.30000000001087,14442,0.030348982135439056
413078003,14442,438.30000000001087,14442,0.030348982135439056
42719-5,49,89.9,49,1.8346938775510204
44261-6,10802,145295.0,10802,13.450749861136826
44667-4,0,0.0,154,
44963-7,0,0.0,284,
4544-3,72618,3065958.000000014,72618,42.22035858877983
4548-4,181975,842599.4000003499,181975,4.630303063609561
46240-8,1080,5283.500000000002,1080,4.892129629629632
46288-7,0,0.0,366,
48065-7,2471,6738.399999999998,2471,2.7269931201942526
49765-1,210259,1966955.7000002041,210259,9.354917982108752
54899-0,0,0.0,228799,
55277-8,0,0.0,1080,
55758-7,178024,215659.0,178024,1.211404080348717
56051-6,0,0.0,228799,
56799-0,0,0.0,228799,
5767-9,0,0.0,153527,
5769-5,0,0.0,2789,
5770-3,3341,726.0,155647,0.21730020951810836
5778-6,0,0.0,152306,
5787-7,2789,5580.700000000009,2789,2.0009680889207635
57905-2,1438,62581.4,1438,43.519749652294855
5792-7,155095,248988.99999999595,155095,1.605396692349824
5794-3,3341,0.0,158436,0.0
5797-6,152306,1523777.8000000287,152306,10.004712880648357
5799-2,3341,0.0,158436,0.0
5802-4,3341,726.0,158436,0.21730020951810836
5803-2,158436,951364.8000000191,158436,6.00472619859135
5804-0,155095,43666128.10000076,155095,281.54439601535034
5811-5,158436,158436.0,158436,1.0
5821-4,2789,84984.20000000013,2789,30.471208318393735
5902-2,7964,87024.40000000021,7964,10.927222501255677
5905-5,4888,48847.79999999993,4888,9.99341243862519
59460-6,55361,2512961.0,55361,45.39226170047506
59461-4,0,0.0,55361,
59557-9,0,0.0,153,
59576-9,57214,3486204.000000041,57214,60.93270877757264
6075-6,1599,275.09999999999917,1599,0.1720450281425886
6082-2,1599,277.5999999999997,1599,0.1736085053158222
6085-5,1599,278.7999999999989,1599,0.17435897435897366
6095-4,1599,270.89999999999867,1599,0.16941838649155638
6106-9,1599,266.79999999999865,1599,0.1668542839274538
6158-0,1599,264.7999999999985,1599,0.1656035021888671
6189-5,1599,279.89999999999907,1599,0.17504690431519643
6206-7,1599,274.09999999999866,1599,0.17141963727329498
6246-3,1599,275.3999999999987,1599,0.17223264540337632
6248-9,1599,273.29999999999905,1599,0.17091932457786058
6273-7,1599,279.9999999999992,1599,0.17510944340212584
6276-0,1599,284.1000000000002,1599,0.177673545966229
6298-4,210259,936558.0999999951,210259,4.454306831098764
6299-2,210259,2842633.200000017,210259,13.519674306450696
630-4,0,0.0,2789,
6301-6,9101,13169.100000000117,9101,1.4469948357323499
63512-8,228799,1018308.0,228799,4.450666305359726
63513-6,0,0.0,1080,
63586-2,228799,27008626584.0,228799,118045.2125402646
65750-2,0,0.0,1486,
66519-0,169,2005.2999999999995,169,11.865680473372779
66524-0,169,3408.900000000001,169,20.171005917159768
66529-9,169,708.5999999999998,169,4.192899408284022
66534-9,169,1785.3999999999992,169,10.564497041420113
6690-2,75121,480040.8999999915,75121,6.390235752985071
6768-6,76406,6070495.199999914,76406,79.45050388712815
67875-5,0,0.0,228799,
6833-8,1599,277.9999999999989,1599,0.17385866166353903
6844-5,1599,267.69999999999897,1599,0.16741713570981798
69453-9,0,0.0,2876,
70006-2,0,0.0,64,
70274-6,121888,419572.0,121888,3.442274875295353
704-7,4888,1372.1999999999846,4888,0.2807283142389494
706-2,4888,14572.599999999995,4888,2.981301145662847
711-2,4888,1868.399999999998,4888,0.3822422258592467
713-8,4888,21978.800000000072,4888,4.4964811783960865
71425-3,671,1012.4999999999999,671,1.5089418777943366
71490-7,0,0.0,14636,
71491-5,0,0.0,14636,
718-7,75347,1079158.1999999983,75347,14.322510518003348
71802-3,0,0.0,229879,
71970-8,6,55.3,6,9.216666666666667
71972-4,6,74.1,6,12.35
71973-2,4,42.0,4,10.5
71974-0,4,34.5,4,8.625
71975-7,4,15.9,4,3.975
71976-5,4,70.1,4,17.525
71977-3,4,60.3,4,15.075
71978-1,4,28.7,4,7.175
71979-9,4,44.8,4,11.2
71980-7,4,84.8,4,21.2
72009-4,2,19.1,2,9.55
72010-2,2,9.2,2,4.6
72011-0,2,5.6,2,2.8
72012-8,2,10.3,2,5.15
72013-6,2,8.9,2,4.45
72014-4,2,6.8,2,3.4
72015-1,2,7.5,2,3.75
72016-9,2,9.3,2,4.65
72106-8,1904,25560.400000000005,1904,13.424579831932776
72166-2,0,0.0,301694,
72514-3,584224,1835333.0,584224,3.1414885386427125
7258-7,1599,265.19999999999817,1599,0.1658536585365842
731-0,4888,5090.700000000016,4888,1.041468903436992
736-9,4888,73447.79999999993,4888,15.026145662847776
74006-8,245248,735552.3999999902,245248,2.9992187499999603
742-7,4888,4426.199999999968,4888,0.9055237315875548
751-8,4894,16480.69999999994,4894,3.367531671434397
75325-1,0,0.0,3582,
75443-2,902,902.0,902,1.0
75626-2,70050,109240.0,70050,1.5594575303354747
75636-1,0,0.0,970,
75893-8,2316,12571.499999999998,2316,5.428108808290155
76437-3,0,0.0,228799,
76501-6,0,0.0,228799,
76504-0,68557,9402.0,68557,0.13714135682716572
76690-7,0,0.0,1080,
770-8,4888,134604.79999999973,4888,27.53780687397703
77606-2,32106,1854646.7000000267,32106,57.76635831308873
777-3,75121,21567811.000000246,75121,287.10761305094775
785-6,75121,2250474.799999944,75121,29.957998429200142
786-4,75121,2575641.4000000074,75121,34.28656966760303
787-2,75121,6582404.200000012,75121,87.62402257690941
788-0,75121,2674181.8999999748,75121,35.59832669959099
789-8,75121,354621.10000000487,75121,4.720665326606473
7917-8,0,0.0,34,
79818-1,0,0.0,6387,
79819-9,0,0.0,6387,
79892-6,14636,234156.69999999998,14636,15.99868133369773
79893-4,14636,234156.69999999998,14636,15.99868133369773
80271-0,0,0.0,49,
80382-5,0,0.0,845,
80383-3,0,0.0,845,
8247-9,0,0.0,2789,
82589-3,0,0.0,228799,
82667-7,69667,77172.0,69667,1.1077267572882425
82810-3,0,0.0,9269,
8289-1,32106,1690211.0,32106,52.64470815423908
8302-2,302565,47516408.09999387,302565,157.04528977242532
8310-5,24790,947509.1000000071,24790,38.22142396127499
84215-3,732,732.0,732,1.0
8462-4,332352,26098019.60000002,332352,78.52523709801662
8478-0,284,21071.700000000015,284,74.19612676056343
8480-6,332352,38832125.09999995,332352,116.84035330011538
85318-4,0,0.0,170,
85319-2,0,0.0,170,
85337-4,0,0.0,170,
85339-0,0,0.0,170,
85343-2,49,593.5000000000002,49,12.112244897959188
85344-0,36,72.2,36,2.0055555555555555
85352-3,85,0.0,85,0.0
86924-8,89,4258.2,89,47.844943820224714
870537001,69,147.0,69,2.130434782608696
88020-3,0,0.0,686,
88021-1,0,0.0,597,
88040-1,0,0.0,699,
88262-1,0,0.0,284,
8867-4,308985,25009577.200000066,308985,80.94107222033453
89204-2,15354,49954.0,15354,3.253484434023707
89579-7,11144,82938.4,11144,7.4424264178033015
91145-3,2316,12774.899999999996,2316,5.515932642487045
91146-1,2316,12777.900000000016,2316,5.517227979274618
92130-4,0,0.0,1088,
92131-2,0,0.0,1088,
92134-6,0,0.0,1088,
92138-7,0,0.0,1088,
92139-5,0,0.0,1088,
92140-3,0,0.0,1088,
92141-1,0,0.0,1088,
92142-9,0,0.0,1088,
9279-1,308985,4402836.500000014,308985,14.249353528488482
93026-3,0,0.0,228799,
93027-1,0,0.0,228799,
93028-9,0,0.0,228799,
93029-7,0,0.0,228799,
93030-5,0,0.0,228799,
93031-3,0,0.0,228799,
93033-9,0,0.0,228799,
93034-7,0,0.0,228799,
93035-4,0,0.0,228799,
93038-8,0,0.0,228799,
94040-3,0,0.0,1088,
94531-1,0,0.0,2491,
9843-4,32106,1455327.7000000018,32106,45.32883884632162
99999-1,47,23.099999999999998,47,0.4914893617021276
99999-10,47,25.4,47,0.5404255319148936
99999-11,47,21.899999999999995,47,0.46595744680851053
99999-2,47,25.50000000000001,47,0.5425531914893619
99999-3,47,24.700000000000014,47,0.5255319148936173
99999-4,47,22.9,47,0.48723404255319147
99999-5,47,22.599999999999998,47,0.4808510638297872
99999-6,47,23.499999999999996,47,0.49999999999999994
99999-7,47,23.59999999999999,47,0.5021276595744679
99999-8,47,21.299999999999994,47,0.453191489361702
99999-9,47,21.499999999999996,47,0.45744680851063824
DALY,208492,323724.000000014,208492,1.5526926692631564
QALY,208492,7327941.000001879,208492,35.147348579331
QOLS,208492,194233.0999999841,208492,0.9316093663065446
X9999-1,0,0.0,1931,
X9999-2,1931,4728.0,1931,2.4484722941481096
