CODE,n_total,n_numeric,suma_numeric,media_numeric
10230-1,3377,3377,157800.10000000006,46.727894580989066
10480-2,98,0,0.0,
10834-0,58229,58229,160202.79999999993,2.751254529529958
13945-1,2789,2789,5556.5,1.9922911437791324
14627-4,775,775,19393.899999999998,25.02438709677419
14804-9,2471,2471,672972.3999999999,272.3481991096722
14959-1,52388,52388,4948983.100000001,94.46787623119799
1742-6,76406,76406,2733575.099999998,35.7769690861974
1751-7,76406,76406,343688.0000000001,4.498180771143629
17861-6,132208,132208,1236753.0000000037,9.354600326757865
18262-6,123088,123088,14388978.69999998,116.8999309437149
18752-6,13,0,0.0,
19123-9,13662,13662,26643.499999999978,1.9501903088859596
1920-8,76406,76406,1708044.4000000001,22.354846478025287
1960-4,8198,8198,200886.90000000005,24.504379116857777
1975-2,76357,76357,160489.90000000104,2.1018361119478377
1988-5,2471,2471,26329.000000000004,10.655200323755565
19926-5,8561,8561,302861.1000000001,35.37683681812874
19994-3,1930,1930,125794.70000000001,65.17860103626944
2019-8,8198,8198,328184.50000000006,40.03226396682118
2021-4,775,775,33735.5,43.52967741935484
2027-1,775,775,986.4,1.2727741935483872
2028-9,132208,132208,3237749.500000003,24.489815291056537
20447-9,894,894,137828264.0,154170.31767337807
20454-5,155647,3341,726.0,0.21730020951810836
20505-4,152306,152306,129351.59999999723,0.8492876183472563
20565-8,210259,210259,5151118.700000008,24.49892133035926
20570-8,2729,2729,90004.2,32.980652253572735
2069-3,210259,210259,22289358.40000001,106.0090574006345
2075-0,132208,132208,14016063.399999995,106.0152441607164
2085-9,123088,123088,6175156.000000005,50.16862732354092
2093-3,123088,123088,23866447.000000007,193.89743110620051
2106-3,640,0,0.0,
21377-7,671,671,1309.1999999999998,1.9511177347242918
2157-6,2471,2471,123805.90000000001,50.103561311210036
2160-0,132208,132208,265130.3999999989,2.0054036064383314
21905-5,170,0,0.0,
21906-3,170,0,0.0,
21907-1,170,0,0.0,
21908-9,324,0,0.0,
21924-6,9,0,0.0,
22577-1,6,0,0.0,
2276-4,9524,9524,2355670.100000001,247.34041369172627
2339-0,210259,210259,18589097.09999998,88.41047041981547
2345-7,132208,132208,11999698.500000004,90.76378509621206
24124-0,2789,0,0.0,
24467-3,831,831,483820.0,582.2141997593261
2498-4,7053,7053,704166.2,99.83924571104494
2500-7,7053,7053,2483108.5000000005,352.0641570962712
2502-3,7053,7053,246669.59999999998,34.97371331348362
2514-8,158436,3341,726.0,0.21730020951810836
25428-4,155647,3341,726.0,0.21730020951810836
2571-8,123088,123088,18245353.499999978,148.23015647341722
26453-1,49,49,252.6,5.155102040816327
26464-8,49,49,637.4,13.008163265306122
26515-7,49,49,14777.800000000001,301.58775510204083
26881-3,15,15,87.0,5.8
2703-7,8198,8198,657923.2000000001,80.25411075872165
2705-2,775,775,32552.2,42.00283870967742
2708-6,22229,22229,1914260.9000000001,86.11547528003959
271605009,69,69,282.0,4.086956521739131
2744-1,8198,8198,57802.39999999999,7.050792876311294
2746-6,775,775,5710.699999999997,7.368645161290319
2777-1,5493,5493,19258.199999999997,3.505953031130529
2823-3,132208,132208,588764.4000000004,4.453319012465209
28245-9,1080,0,0.0,
285285000,69,69,2206.2000000000003,31.973913043478266
2857-1,2118,2118,6225.200000000001,2.9391879131255907
2885-2,76406,76406,536995.6999999997,7.028187576891863
29463-7,315939,315939,22189283.299999837,70.23280854848511
2947-0,210259,210259,29437503.499999963,140.00591413447208
2951-2,132208,132208,18508755.100000046,139.99723995522243
29554-3,1555,0,0.0,
3016-3,791,791,2788.4,3.5251580278128953
3024-7,65,65,16.1,0.2476923076923077
30385-9,49,49,644.3,13.148979591836733
30428-7,49,49,4277.3,87.29183673469389
3094-0,132208,132208,1788384.1000000015,13.527049043930788
3173-2,6164,6164,199085.40000000002,32.29808565866321
3184-9,869,869,120909.50000000001,139.13636363636365
32167-9,152306,0,0.0,
32207-3,57040,57040,19069357.5,334.3155241935484
32465-7,2118,0,0.0,
32623-1,57040,57040,618969.1999999981,10.851493688639518
32624-9,228799,0,0.0,
32693-4,541,541,1199.5,2.2171903881700556
33037-3,49,49,382.1000000000001,7.797959183673471
33728-7,168,168,440.50000000000006,2.6220238095238098
33756-8,1438,1438,8203.4,5.704728789986092
33762-6,7063,7063,7829408.8999999985,1108.510392184624
33914-3,243948,243948,13003105.199999996,53.30277436174921
33959-8,2471,2471,332.3000000000003,0.13447996762444367
34533-0,151085,0,0.0,
38208-5,5489,5489,30186.00000000002,5.499362361085812
38265-5,1642,1642,-1733.5000000000002,-1.0557247259439708
38483-4,210259,210259,550757.2000000015,2.6194227119885545
39156-5,280744,280744,7503076.899999975,26.72568924001929
413077008,14442,14442,438.2999999999996,0.03034898213543828
413078003,14442,14442,438.2999999999996,0.03034898213543828
42719-5,49,49,89.9,1.8346938775510204
44261-6,10802,10802,145295.0,13.450749861136826
44667-4,154,0,0.0,
44963-7,284,0,0.0,
4544-3,72618,72618,3065957.9999999995,42.22035858877963
4548-4,181975,181975,842599.4000000227,4.630303063607763
46240-8,1080,1080,5283.5,4.89212962962963
46288-7,366,0,0.0,
48065-7,2471,2471,6738.400000000001,2.7269931201942534
49765-1,210259,210259,1966955.7000000407,9.354917982107976
54899-0,228799,0,0.0,
55277-8,1080,0,0.0,
55758-7,178024,178024,215659.0,1.211404080348717
56051-6,228799,0,0.0,
56799-0,228799,0,0.0,
5767-9,153527,0,0.0,
5769-5,2789,0,0.0,
5770-3,155647,3341,726.0,0.21730020951810836
5778-6,152306,0,0.0,
5787-7,2789,2789,5580.7,2.00096808892076
57905-2,1438,1438,62581.4,43.519749652294855
5792-7,155095,155095,248989.0,1.6053966923498502
5794-3,158436,3341,0.0,0.0
5797-6,152306,152306,1523777.800000002,10.004712880648182
5799-2,158436,3341,0.0,0.0
5802-4,158436,3341,726.0,0.21730020951810836
5803-2,158436,158436,951364.8000000012,6.004726198591237
5804-0,155095,155095,43666128.10000002,281.5443960153455
5811-5,158436,158436,158436.0,1.0
5821-4,2789,2789,84984.19999999998,30.471208318393682
5902-2,7964,7964,87024.4,10.927222501255649
5905-5,4888,4888,48847.79999999999,9.993412438625203
59460-6,55361,55361,2512961.0,45.39226170047506
59461-4,55361,0,0.0,
59557-9,153,0,0.0,
59576-9,57214,57214,3486204.000000002,60.93270877757195
6075-6,1599,1599,275.1000000000001,0.17204502814258918
6082-2,1599,1599,277.60000000000014,0.17360850531582248
6085-5,1599,1599,278.8000000000001,0.17435897435897443
6095-4,1599,1599,270.9000000000001,0.16941838649155727
6106-9,1599,1599,266.8000000000001,0.16685428392745474
6158-0,1599,1599,264.8000000000001,0.16560350218886813
6189-5,1599,1599,279.9000000000001,0.17504690431519707
6206-7,1599,1599,274.1000000000001,0.17141963727329587
6246-3,1599,1599,275.4000000000001,0.17223264540337715
6248-9,1599,1599,273.3,0.17091932457786116
6273-7,1599,1599,280.0000000000001,0.1751094434021264
6276-0,1599,1599,284.1000000000002,0.177673545966229
6298-4,210259,210259,936558.1000000015,4.454306831098795
6299-2,210259,210259,2842633.200000004,13.519674306450634
630-4,2789,0,0.0,
6301-6,9101,9101,13169.100000000008,1.446994835732338
63512-8,228799,228799,1018308.0,4.450666305359726
63513-6,1080,0,0.0,
63586-2,228799,228799,27008626584.0,118045.2125402646
65750-2,1486,0,0.0,
66519-0,169,169,2005.3000000000002,11.865680473372782
66524-0,169,169,3408.9000000000005,20.171005917159768
66529-9,169,169,708.6000000000001,4.192899408284024
66534-9,169,169,1785.4,10.564497041420118
6690-2,75121,75121,480040.8999999994,6.390235752985176
6768-6,76406,76406,6070495.1999999955,79.45050388712923
67875-5,228799,0,0.0,
6833-8,1599,1599,278.0000000000001,0.17385866166353978
6844-5,1599,1599,267.70000000000016,0.16741713570981873
69453-9,2876,0,0.0,
70006-2,64,0,0.0,
70274-6,121888,121888,419572.0,3.442274875295353
704-7,4888,4888,1372.2000000000003,0.2807283142389526
706-2,4888,4888,14572.599999999995,2.981301145662847
711-2,4888,4888,1868.400000000002,0.38224222585924755
713-8,4888,4888,21978.800000000003,4.496481178396072
71425-3,671,671,1012.5,1.5089418777943369
71490-7,14636,0,0.0,
71491-5,14636,0,0.0,
718-7,75347,75347,1079158.2000000002,14.322510518003373
71802-3,229879,0,0.0,
71970-8,6,6,55.3,9.216666666666667
71972-4,6,6,74.1,12.35
71973-2,4,4,42.0,10.5
71974-0,4,4,34.5,8.625
71975-7,4,4,15.9,3.975
71976-5,4,4,70.1,17.525
71977-3,4,4,60.3,15.075
71978-1,4,4,28.7,7.175
71979-9,4,4,44.8,11.2
71980-7,4,4,84.8,21.2
72009-4,2,2,19.1,9.55
72010-2,2,2,9.2,4.6
72011-0,2,2,5.6,2.8
72012-8,2,2,10.3,5.15
72013-6,2,2,8.9,4.45
72014-4,2,2,6.8,3.4
72015-1,2,2,7.5,3.75
72016-9,2,2,9.3,4.65
72106-8,1904,1904,25560.399999999994,13.42457983193277
72166-2,301694,0,0.0,
72514-3,584224,584224,1835333.0,3.1414885386427125
7258-7,1599,1599,265.20000000000005,0.1658536585365854
731-0,4888,4888,5090.700000000004,1.0414689034369895
736-9,4888,4888,73447.8,15.02614566284779
74006-8,245248,245248,735552.3999999994,2.9992187499999976
742-7,4888,4888,4426.200000000001,0.9055237315875615
751-8,4894,4894,16480.7,3.3675316714344095
75325-1,3582,0,0.0,
75443-2,902,902,902.0,1.0
75626-2,70050,70050,109240.0,1.5594575303354747
75636-1,970,0,0.0,
75893-8,2316,2316,12571.5,5.428108808290156
76437-3,228799,0,0.0,
76501-6,228799,0,0.0,
76504-0,68557,68557,9402.0,0.13714135682716572
76690-7,1080,0,0.0,
770-8,4888,4888,134604.80000000002,27.53780687397709
77606-2,32106,32106,1854646.7000000011,57.766358313087935
777-3,75121,75121,21567811.0,287.10761305094445
785-6,75121,75121,2250474.7999999975,29.957998429200856
786-4,75121,75121,2575641.400000001,34.28656966760295
787-2,75121,75121,6582404.200000002,87.62402257690928
788-0,75121,75121,2674181.899999999,35.59832669959131
789-8,75121,75121,354621.1000000009,4.7206653266064205
7917-8,34,0,0.0,
79818-1,6387,0,0.0,
79819-9,6387,0,0.0,
79892-6,14636,14636,234156.69999999995,15.998681333697728
79893-4,14636,14636,234156.69999999995,15.998681333697728
80271-0,49,0,0.0,
80382-5,845,0,0.0,
80383-3,845,0,0.0,
8247-9,2789,0,0.0,
82589-3,228799,0,0.0,
82667-7,69667,69667,77172.0,1.1077267572882425
82810-3,9269,0,0.0,
8289-1,32106,32106,1690210.9999999988,52.64470815423905
8302-2,302565,302565,47516408.099999204,157.04528977244297
8310-5,24790,24790,947509.1000000006,38.22142396127473
84215-3,732,732,732.0,1.0
8462-4,332352,332352,26098019.600000005,78.52523709801658
8478-0,284,284,21071.7,74.19612676056339
8480-6,332352,332352,38832125.1,116.84035330011554
85318-4,170,0,0.0,
85319-2,170,0,0.0,
85337-4,170,0,0.0,
85339-0,170,0,0.0,
85343-2,49,49,593.5,12.112244897959183
85344-0,36,36,72.20000000000002,2.005555555555556
85352-3,85,85,0.0,0.0
86924-8,89,89,4258.2,47.844943820224714
870537001,69,69,147.0,2.130434782608696
88020-3,686,0,0.0,
88021-1,597,0,0.0,
88040-1,699,0,0.0,
88262-1,284,0,0.0,
8867-4,308985,308985,25009577.200000007,80.94107222033435
89204-2,15354,15354,49954.0,3.253484434023707
89579-7,11144,11144,82938.4,7.4424264178033015
91145-3,2316,2316,12774.9,5.515932642487046
91146-1,2316,2316,12777.900000000001,5.517227979274612
92130-4,1088,0,0.0,
92131-2,1088,0,0.0,
92134-6,1088,0,0.0,
92138-7,1088,0,0.0,
92139-5,1088,0,0.0,
92140-3,1088,0,0.0,
92141-1,1088,0,0.0,
92142-9,1088,0,0.0,
9279-1,308985,308985,4402836.500000001,14.249353528488442
93026-3,228799,0,0.0,
93027-1,228799,0,0.0,
93028-9,228799,0,0.0,
93029-7,228799,0,0.0,
93030-5,228799,0,0.0,
93031-3,228799,0,0.0,
93033-9,228799,0,0.0,
93034-7,228799,0,0.0,
93035-4,228799,0,0.0,
93038-8,228799,0,0.0,
94040-3,1088,0,0.0,
94531-1,2491,0,0.0,
9843-4,32106,32106,1455327.700000001,45.32883884632159
99999-1,47,47,23.1,0.4914893617021277
99999-10,47,47,25.400000000000002,0.5404255319148936
99999-11,47,47,21.900000000000002,0.4659574468085107
99999-2,47,47,25.499999999999996,0.5425531914893617
99999-3,47,47,24.700000000000003,0.5255319148936171
99999-4,47,47,22.9,0.48723404255319147
99999-5,47,47,22.599999999999998,0.4808510638297872
99999-6,47,47,23.5,0.5
99999-7,47,47,23.6,0.5021276595744681
99999-8,47,47,21.300000000000004,0.4531914893617022
99999-9,47,47,21.500000000000004,0.45744680851063835
DALY,208492,208492,323723.99999999383,1.5526926692630596
QALY,208492,208492,7327941.000000246,35.147348579323165
QOLS,208492,208492,194233.09999999913,0.9316093663066167
X9999-1,1931,0,0.0,
X9999-2,1931,1931,4728.0,2.4484722941481096
