CODE,n_numeric,suma_numeric,n_total,media_numeric
72514-3,584224,1.835333e+06,584224,3.1414885386427125
8480-6,332352,3.8832124e+07,332352,116.84034999037165
8462-4,332352,2.609802e+07,332352,78.5252383015598
29463-7,315939,2.218929e+07,315939,70.23282975511096
9279-1,308985,4.402837e+06,308985,14.249355146689968
8867-4,308985,2.5009576e+07,308985,80.94106833665064
8302-2,302565,4.751639e+07,302565,157.04523656073903
72166-2,0,0.0,301694,
39156-5,280744,7.5030775e+06,280744,26.72569137719773
74006-8,245248,735552.44,245248,2.9992189029064455
33914-3,243948,1.3003106e+07,243948,53.302777641136636
71802-3,0,0.0,229879,
32624-9,0,0.0,228799,
93028-9,0,0.0,228799,
93027-1,0,0.0,228799,
93026-3,0,0.0,228799,
56051-6,0,0.0,228799,
82589-3,0,0.0,228799,
56799-0,0,0.0,228799,
93030-5,0,0.0,228799,
54899-0,0,0.0,228799,
76437-3,0,0.0,228799,
93029-7,0,0.0,228799,
76501-6,0,0.0,228799,
67875-5,0,0.0,228799,
93035-4,0,0.0,228799,
63512-8,228799,1.018308e+06,228799,4.450666305359726
93031-3,0,0.0,228799,
63586-2,228799,2.7008625e+10,228799,118045.20404372396
93033-9,0,0.0,228799,
93034-7,0,0.0,228799,
93038-8,0,0.0,228799,
38483-4,210259,550757.2,210259,2.61942265253806
6299-2,210259,2.8426332e+06,210259,13.519674544252565
2947-0,210259,2.94375e+07,210259,140.00589748833582
49765-1,210259,1.9669558e+06,210259,9.354918219909731
2339-0,210259,1.8589096e+07,210259,88.41046518817268
6298-4,210259,936558.1,210259,4.454306949999762
20565-8,210259,5.151119e+06,210259,24.498922757170916
2069-3,210259,2.2289354e+07,210259,106.00903647406294
QOLS,208492,194233.08,208492,0.931609261386528
QALY,208492,7.327941e+06,208492,35.147348579321985
DALY,208492,323724.06,208492,1.552692969034783
4548-4,181975,842599.5,181975,4.630303613133672
55758-7,178024,215659.0,178024,1.211404080348717
5811-5,158436,158436.0,158436,1.0
5802-4,3341,726.0,158436,0.21730020951810836
5799-2,3341,0.0,158436,0.0
5794-3,3341,0.0,158436,0.0
2514-8,3341,726.0,158436,0.21730020951810836
5803-2,158436,951364.6,158436,6.004725094044283
20454-5,3341,726.0,155647,0.21730020951810836
5770-3,3341,726.0,155647,0.21730020951810836
25428-4,3341,726.0,155647,0.21730020951810836
5804-0,155095,4.366613e+07,155095,281.5443953705793
5792-7,155095,248989.06,155095,1.6053970953286696
5767-9,0,0.0,153527,
5778-6,0,0.0,152306,
32167-9,0,0.0,152306,
20505-4,152306,129351.57,152306,0.8492874234271794
5797-6,152306,1.5237781e+06,152306,10.004715014510262
34533-0,0,0.0,151085,
2951-2,132208,1.8508758e+07,132208,139.9972618903546
2160-0,132208,265130.38,132208,2.00540341734237
3094-0,132208,1.7883842e+06,132208,13.527050178506595
17861-6,132208,1.2367528e+06,132208,9.354598435798136
2823-3,132208,588764.25,132208,4.453317877889386
2028-9,132208,3.2377502e+06,132208,24.489820963935617
2345-7,132208,1.1999702e+07,132208,90.76381156964783
2075-0,132208,1.4016065e+07,132208,106.01525626285853
2093-3,123088,2.3866442e+07,123088,193.89739048485637
2085-9,123088,6.1751565e+06,123088,50.16863138567529
18262-6,123088,1.438898e+07,123088,116.89994150526452
2571-8,123088,1.824536e+07,123088,148.2302092811647
70274-6,121888,419572.0,121888,3.442274875295353
2885-2,76406,536995.75,76406,7.028188231290736
1742-6,76406,2.7335748e+06,76406,35.77696450540533
1751-7,76406,343688.03,76406,4.498181180142921
6768-6,76406,6.0704955e+06,76406,79.45050781352249
1920-8,76406,1.7080445e+06,76406,22.354847786823026
1975-2,76357,160489.9,76357,2.1018361938001755
718-7,75347,1.0791582e+06,75347,14.322511181599799
6690-2,75121,480040.9,75121,6.3902358361842895
788-0,75121,2.674182e+06,75121,35.59832803077701
789-8,75121,354621.2,75121,4.720666491393884
787-2,75121,6.582406e+06,75121,87.62404653825162
786-4,75121,2.575641e+06,75121,34.28656434286019
777-3,75121,2.1567822e+07,75121,287.10775948137007
785-6,75121,2.2504745e+06,75121,29.95799443564383
4544-3,72618,3.0659595e+06,72618,42.220379244815334
75626-2,70050,109240.0,70050,1.5594575303354747
82667-7,69667,77172.0,69667,1.1077267572882425
76504-0,68557,9402.0,68557,0.13714135682716572
10834-0,58229,160202.8,58229,2.7512544758625426
59576-9,57214,3.4862035e+06,57214,60.932700038452126
32623-1,57040,618969.25,57040,10.851494565217392
32207-3,57040,1.9069358e+07,57040,334.3155329593268
59460-6,55361,2.512961e+06,55361,45.39226170047506
59461-4,0,0.0,55361,
14959-1,52388,4.948982e+06,52388,94.46785523402306
8289-1,32106,1.6902106e+06,32106,52.644696474179284
9843-4,32106,1.4553274e+06,32106,45.32882872360307
77606-2,32106,1.8546469e+06,32106,57.76636376378247
8310-5,24790,947509.0,24790,38.22141992739007
2708-6,22229,1.9142612e+06,22229,86.1154910252373
89204-2,15354,49954.0,15354,3.253484434023707
71490-7,0,0.0,14636,
79892-6,14636,234156.7,14636,15.998681547212353
71491-5,0,0.0,14636,
79893-4,14636,234156.7,14636,15.998681547212353
413078003,14442,438.30008,14442,0.030348987629532136
413077008,14442,438.30008,14442,0.030348987629532136
19123-9,13662,26643.494,13662,1.9501898800047577
89579-7,11144,82938.414,11144,7.442427679693108
44261-6,10802,145295.0,10802,13.450749861136826
2276-4,9524,2.3556698e+06,9524,247.34037694246115
82810-3,0,0.0,9269,
6301-6,9101,13169.104,9101,1.4469952220223052
19926-5,8561,302861.22,8561,35.376850689171825
2744-1,8198,57802.4,8198,7.050792685716028
2019-8,8198,328184.56,8198,40.032271590631865
1960-4,8198,200886.88,8198,24.504376067333496
2703-7,8198,657922.94,8198,80.25407873871676
5902-2,7964,87024.375,7964,10.927219362129582
33762-6,7063,7.8294105e+06,7063,1108.510618717259
2498-4,7053,704166.3,7053,99.83926166170424
2502-3,7053,246669.56,7053,34.97370799659719
2500-7,7053,2.4831085e+06,7053,352.0641570962711
79819-9,0,0.0,6387,
79818-1,0,0.0,6387,
3173-2,6164,199085.28,6164,32.2980663935756
2777-1,5493,19258.201,5493,3.505953244470235
38208-5,5489,30186.0,5489,5.499362361085808
751-8,4894,16480.695,4894,3.367530713628933
704-7,4888,1372.2002,4888,0.28072835419650166
770-8,4888,134604.83,4888,27.537812627864156
711-2,4888,1868.3998,4888,0.3822421809070044
706-2,4888,14572.598,4888,2.9813006661722588
5905-5,4888,48847.812,4888,9.993414995908347
713-8,4888,21978.803,4888,4.496481737801759
736-9,4888,73447.81,4888,15.026148220130933
731-0,4888,5090.6997,4888,1.041468843500665
742-7,4888,4426.1997,4888,0.9055236716512377
75325-1,0,0.0,3582,
10230-1,3377,157800.14,3377,46.72790661089724
69453-9,0,0.0,2876,
24124-0,0,0.0,2789,
5787-7,2789,5580.702,2789,2.0009688592461456
5821-4,2789,84984.2,2789,30.47120943886698
8247-9,0,0.0,2789,
5769-5,0,0.0,2789,
630-4,0,0.0,2789,
13945-1,2789,5556.501,2789,1.9922914939270349
20570-8,2729,90004.195,2729,32.98065053591059
94531-1,0,0.0,2491,
48065-7,2471,6738.3984,2471,2.7269924878591665
2157-6,2471,123805.88,2471,50.10355435552408
14804-9,2471,672972.56,2471,272.34826487252127
33959-8,2471,332.30002,2471,0.13447997503462034
1988-5,2471,26329.002,2471,10.655201114174423
75893-8,2316,12571.497,2316,5.428107543312824
91146-1,2316,12777.901,2316,5.517228569597366
91145-3,2316,12774.897,2316,5.515931546173359
2857-1,2118,6225.2,2118,2.9391880053411237
32465-7,0,0.0,2118,
X9999-1,0,0.0,1931,
X9999-2,1931,4728.0,1931,2.4484722941481096
19994-3,1930,125794.7,1930,65.17860265544041
72106-8,1904,25560.396,1904,13.424577985491071
38265-5,1642,-1733.4999,1642,-1.0557246516015149
6276-0,1599,284.09998,1599,0.17767353069789713
7258-7,1599,265.2,1599,0.16585366617075126
6273-7,1599,279.9999,1599,0.1751093861458822
6833-8,1599,278.0,1599,0.17385866166353972
6158-0,1599,264.8,1599,0.16560349455470216
6844-5,1599,267.69998,1599,0.1674171242585698
6248-9,1599,273.2999,1599,0.17091925968745114
6246-3,1599,275.4001,1599,0.1722326988425383
6206-7,1599,274.1,1599,0.17141964109037874
6085-5,1599,278.79993,1599,0.17435892855397905
6189-5,1599,279.90002,1599,0.17504691958352878
6095-4,1599,270.89993,1599,0.16941834450364485
6106-9,1599,266.80002,1599,0.1668542953787035
6082-2,1599,277.59998,1599,0.17360849004749063
6075-6,1599,275.09998,1599,0.17204501287425736
29554-3,0,0.0,1555,
65750-2,0,0.0,1486,
33756-8,1438,8203.401,1438,5.7047297407423505
57905-2,1438,62581.395,1438,43.51974584926982
92134-6,0,0.0,1088,
92139-5,0,0.0,1088,
94040-3,0,0.0,1088,
92142-9,0,0.0,1088,
92131-2,0,0.0,1088,
92140-3,0,0.0,1088,
92141-1,0,0.0,1088,
92138-7,0,0.0,1088,
92130-4,0,0.0,1088,
28245-9,0,0.0,1080,
46240-8,1080,5283.4995,1080,4.892129177517361
63513-6,0,0.0,1080,
76690-7,0,0.0,1080,
55277-8,0,0.0,1080,
75636-1,0,0.0,970,
75443-2,902,902.0,902,1.0
20447-9,894,1.3782826e+08,894,154170.30872483223
3184-9,869,120909.48,869,139.13633666570772
80382-5,0,0.0,845,
80383-3,0,0.0,845,
24467-3,831,483820.0,831,582.2141997593261
3016-3,791,2788.3994,791,3.5251572870575223
2021-4,775,33735.51,775,43.52969254032258
2746-6,775,5710.7017,775,7.368647303427419
2027-1,775,986.39984,775,1.2727739887852823
2705-2,775,32552.195,775,42.00283266129032
14627-4,775,19393.9,775,25.024387600806453
84215-3,732,732.0,732,1.0
88040-1,0,0.0,699,
88020-3,0,0.0,686,
21377-7,671,1309.1995,671,1.9511169342632266
71425-3,671,1012.5001,671,1.5089420597173062
2106-3,0,0.0,640,
88021-1,0,0.0,597,
32693-4,541,1199.4999,541,2.21719016253177
46288-7,0,0.0,366,
21908-9,0,0.0,324,
44963-7,0,0.0,284,
88262-1,0,0.0,284,
8478-0,284,21071.7,284,74.1961240096831
85337-4,0,0.0,170,
85318-4,0,0.0,170,
85339-0,0,0.0,170,
21906-3,0,0.0,170,
21907-1,0,0.0,170,
21905-5,0,0.0,170,
85319-2,0,0.0,170,
66524-0,169,3408.9006,169,20.17100967316938
66534-9,169,1785.4003,169,10.56449863050111
66519-0,169,2005.3,169,11.865680762296599
66529-9,169,708.60004,169,4.192899624976886
33728-7,168,440.50012,168,2.6220245361328125
44667-4,0,0.0,154,
59557-9,0,0.0,153,
10480-2,0,0.0,98,
86924-8,89,4258.2,89,47.844946014747194
85352-3,85,0.0,85,0.0
870537001,69,147.0,69,2.130434782608696
271605009,69,282.0,69,4.086956521739131
285285000,69,2206.2002,69,31.973915874094203
3024-7,65,16.099998,65,0.2476922842172476
70006-2,0,0.0,64,
26453-1,49,252.59999,49,5.155101853974012
26515-7,49,14777.799,49,301.5877311862245
26464-8,49,637.39996,49,13.008162517936862
30385-9,49,644.3001,49,13.148981833944516
80271-0,0,0.0,49,
42719-5,49,89.90002,49,1.8346942200952647
85343-2,49,593.49994,49,12.11224365234375
33037-3,49,382.09998,49,7.797958685427296
30428-7,49,4277.3003,49,87.29184271364795
99999-8,47,21.3,47,0.4531914731289478
99999-7,47,23.6,47,0.5021276676908453
99999-6,47,23.5,47,0.5
99999-5,47,22.6,47,0.4808510719461644
99999-3,47,24.7,47,0.5255319311263713
99999-2,47,25.499996,47,0.5425531103255901
99999-11,47,21.9,47,0.46595743869213346
99999-10,47,25.399998,47,0.5404254832166306
99999-9,47,21.500002,47,0.4574468490925241
99999-1,47,23.099997,47,0.49148928865473324
99999-4,47,22.900003,47,0.48723411560058594
85344-0,36,72.2,36,2.0055554707845054
7917-8,0,0.0,34,
26881-3,15,87.0,15,5.8
18752-6,0,0.0,13,
21924-6,0,0.0,9,
71970-8,6,55.3,6,9.216666539510092
71972-4,6,74.1,6,12.34999974568685
22577-1,0,0.0,6,
71980-7,4,84.8,4,21.200000762939453
71976-5,4,70.1,4,17.524999618530273
71977-3,4,60.3,4,15.074999809265137
71979-9,4,44.8,4,11.199999809265137
71978-1,4,28.699999,4,7.174999713897705
71973-2,4,42.0,4,10.5
71974-0,4,34.5,4,8.625
71975-7,4,15.9,4,3.9749999046325684
72009-4,2,19.1,2,9.550000190734863
72010-2,2,9.2,2,4.599999904632568
72012-8,2,10.299999,2,5.149999618530273
72013-6,2,8.9,2,4.449999809265137
72014-4,2,6.8,2,3.4000000953674316
72015-1,2,7.5,2,3.75
72016-9,2,9.299999,2,4.649999618530273
72011-0,2,5.6000004,2,2.8000001907348633
